code,name,english_name,iso_alpha_3,iso_numeric,osm_id,osm_url,wikidata_id,wikidata_url,wikipedia_id,wikipedia_url,wikipedia_lang,wikipedia_title,population,region,sub_region
AF,Afghanistan,Afghanistan,AFG,004,303427,https://www.openstreetmap.org/relation/303427,Q889,https://www.wikidata.org/wiki/Q889,ps:افغانستان,https://ps.wikipedia.org/wiki/%D8%A7%D9%81%D8%BA%D8%A7%D9%86%D8%B3%D8%AA%D8%A7%D9%86,ps,افغانستان,32738376,Asia,Southern Asia
AX,Åland Islands,Åland Islands,ALA,248,1650407,https://www.openstreetmap.org/relation/1650407,Q5689,https://www.wikidata.org/wiki/Q5689,sv:Åland,https://sv.wikipedia.org/wiki/%C3%85land,sv,Åland,,Europe,Northern Europe
AL,Albania,Albania,ALB,008,53292,https://www.openstreetmap.org/relation/53292,Q222,https://www.wikidata.org/wiki/Q222,sq:Shqipëria,https://sq.wikipedia.org/wiki/Shqip%C3%ABria,sq,Shqipëria,2876591,Europe,Southern Europe
DZ,Algeria,Algeria,DZA,012,192756,https://www.openstreetmap.org/relation/192756,Q262,https://www.wikidata.org/wiki/Q262,fr:Algérie,https://fr.wikipedia.org/wiki/Alg%C3%A9rie,fr,Algérie,,Africa,Northern Africa
AS,American Samoa,American Samoa,ASM,016,2177187,https://www.openstreetmap.org/relation/2177187,Q16641,https://www.wikidata.org/wiki/Q16641,en:American Samoa,https://en.wikipedia.org/wiki/American_Samoa,en,American Samoa,,Oceania,Polynesia
AD,Andorra,Andorra,AND,020,9407,https://www.openstreetmap.org/relation/9407,Q228,https://www.wikidata.org/wiki/Q228,ca:Andorra,https://ca.wikipedia.org/wiki/Andorra,ca,Andorra,83888,Europe,Southern Europe
AO,Angola,Angola,AGO,024,195267,https://www.openstreetmap.org/relation/195267,Q916,https://www.wikidata.org/wiki/Q916,pt:Angola,https://pt.wikipedia.org/wiki/Angola,pt,Angola,12531357,Africa,Sub-Saharan Africa
AI,Anguilla,Anguilla,AIA,660,2177161,https://www.openstreetmap.org/relation/2177161,Q25228,https://www.wikidata.org/wiki/Q25228,en:Anguilla,https://en.wikipedia.org/wiki/Anguilla,en,Anguilla,15423,Americas,Latin America and the Caribbean
AQ,Antarctica,Antarctica,ATA,010,2186646,https://www.openstreetmap.org/relation/2186646,Q51,https://www.wikidata.org/wiki/Q51,en:Antarctica,https://en.wikipedia.org/wiki/Antarctica,en,Antarctica,0,,
AG,Antigua and Barbuda,Antigua and Barbuda,ATG,028,536900,https://www.openstreetmap.org/relation/536900,Q781,https://www.wikidata.org/wiki/Q781,en:Antigua and Barbuda,https://en.wikipedia.org/wiki/Antigua_and_Barbuda,en,Antigua and Barbuda,69842,Americas,Latin America and the Caribbean
AR,Argentina,Argentina,ARG,032,286393,https://www.openstreetmap.org/relation/286393,Q414,https://www.wikidata.org/wiki/Q414,es:Argentina,https://es.wikipedia.org/wiki/Argentina,es,Argentina,47327407,Americas,Latin America and the Caribbean
AM,Armenia,Armenia,ARM,051,364066,https://www.openstreetmap.org/relation/364066,Q399,https://www.wikidata.org/wiki/Q399,hy:Հայաստան,https://hy.wikipedia.org/wiki/%D5%80%D5%A1%D5%B5%D5%A1%D5%BD%D5%BF%D5%A1%D5%B6,hy,Հայաստան,2968586,Asia,Western Asia
AW,Aruba,Aruba,ABW,533,1231749,https://www.openstreetmap.org/relation/1231749,Q21203,https://www.wikidata.org/wiki/Q21203,en:Aruba,https://en.wikipedia.org/wiki/Aruba,en,Aruba,,Americas,Latin America and the Caribbean
AU,Australia,Australia,AUS,036,80500,https://www.openstreetmap.org/relation/80500,Q408,https://www.wikidata.org/wiki/Q408,en:Australia,https://en.wikipedia.org/wiki/Australia,en,Australia,26473055,Oceania,Australia and New Zealand
AT,Austria,Austria,AUT,040,16239,https://www.openstreetmap.org/relation/16239,Q40,https://www.wikidata.org/wiki/Q40,de:Österreich,https://de.wikipedia.org/wiki/%C3%96sterreich,de,Österreich,8932664,Europe,Western Europe
AZ,Azerbaijan,Azerbaijan,AZE,031,364110,https://www.openstreetmap.org/relation/364110,Q227,https://www.wikidata.org/wiki/Q227,az:Azərbaycan,https://az.wikipedia.org/wiki/Az%C9%99rbaycan,az,Azərbaycan,9105000,Asia,Western Asia
BS,Bahamas,Bahamas,BHS,044,547469,https://www.openstreetmap.org/relation/547469,Q778,https://www.wikidata.org/wiki/Q778,en:The Bahamas,https://en.wikipedia.org/wiki/The_Bahamas,en,The Bahamas,,Americas,Latin America and the Caribbean
BH,Bahrain,Bahrain,BHR,048,378734,https://www.openstreetmap.org/relation/378734,Q398,https://www.wikidata.org/wiki/Q398,ar:البحرين,https://ar.wikipedia.org/wiki/%D8%A7%D9%84%D8%A8%D8%AD%D8%B1%D9%8A%D9%86,ar,البحرين,1234571,Asia,Western Asia
BD,Bangladesh,Bangladesh,BGD,050,184640,https://www.openstreetmap.org/relation/184640,Q902,https://www.wikidata.org/wiki/Q902,bn:বাংলাদেশ,https://bn.wikipedia.org/wiki/%E0%A6%AC%E0%A6%BE%E0%A6%82%E0%A6%B2%E0%A6%BE%E0%A6%A6%E0%A7%87%E0%A6%B6,bn,বাংলাদেশ,172954319,Asia,Southern Asia
BB,Barbados,Barbados,BRB,052,547511,https://www.openstreetmap.org/relation/547511,Q244,https://www.wikidata.org/wiki/Q244,en:Barbados,https://en.wikipedia.org/wiki/Barbados,en,Barbados,286705,Americas,Latin America and the Caribbean
BY,Belarus,Belarus,BLR,112,59065,https://www.openstreetmap.org/relation/59065,Q184,https://www.wikidata.org/wiki/Q184,be:Беларусь,https://be.wikipedia.org/wiki/%D0%91%D0%B5%D0%BB%D0%B0%D1%80%D1%83%D1%81%D1%8C,be,Беларусь,9109280,Europe,Eastern Europe
BE,Belgium,Belgium,BEL,056,52411,https://www.openstreetmap.org/relation/52411,Q31,https://www.wikidata.org/wiki/Q31,nl:België,https://nl.wikipedia.org/wiki/Belgi%C3%AB,nl,België,11035948,Europe,Western Europe
BZ,Belize,Belize,BLZ,084,287827,https://www.openstreetmap.org/relation/287827,Q242,https://www.wikidata.org/wiki/Q242,en:Belize,https://en.wikipedia.org/wiki/Belize,en,Belize,327719,Americas,Latin America and the Caribbean
BJ,Benin,Benin,BEN,204,192784,https://www.openstreetmap.org/relation/192784,Q962,https://www.wikidata.org/wiki/Q962,fr:Bénin,https://fr.wikipedia.org/wiki/B%C3%A9nin,fr,Bénin,8971944,Africa,Sub-Saharan Africa
BM,Bermuda,Bermuda,BMU,060,1993208,https://www.openstreetmap.org/relation/1993208,Q23635,https://www.wikidata.org/wiki/Q23635,en:Bermuda,https://en.wikipedia.org/wiki/Bermuda,en,Bermuda,72576,Americas,Northern America
BT,Bhutan,Bhutan,BTN,064,184629,https://www.openstreetmap.org/relation/184629,Q917,https://www.wikidata.org/wiki/Q917,dz:འབྲུག,https://dz.wikipedia.org/wiki/%E0%BD%A0%E0%BD%96%E0%BE%B2%E0%BD%B4%E0%BD%82,dz,འབྲུག,,Asia,Southern Asia
BO,"Bolivia, Plurinational State of",Bolivia,BOL,068,252645,https://www.openstreetmap.org/relation/252645,Q750,https://www.wikidata.org/wiki/Q750,es:Bolivia,https://es.wikipedia.org/wiki/Bolivia,es,Bolivia,11365333,Americas,Latin America and the Caribbean
BQ,"Bonaire, Sint Eustatius and Saba",Caribbean Netherlands,BES,535,1216720,https://www.openstreetmap.org/relation/1216720,Q27561,https://www.wikidata.org/wiki/Q27561,nl:Caribisch Nederland,https://nl.wikipedia.org/wiki/Caribisch_Nederland,nl,Caribisch Nederland,25987,Americas,Latin America and the Caribbean
BA,Bosnia and Herzegovina,Bosnia and Herzegovina,BIH,070,2528142,https://www.openstreetmap.org/relation/2528142,Q225,https://www.wikidata.org/wiki/Q225,en:Bosnia and Herzegovina,https://en.wikipedia.org/wiki/Bosnia_and_Herzegovina,en,Bosnia and Herzegovina,,Europe,Southern Europe
BW,Botswana,Botswana,BWA,072,1889339,https://www.openstreetmap.org/relation/1889339,Q963,https://www.wikidata.org/wiki/Q963,en:Botswana,https://en.wikipedia.org/wiki/Botswana,en,Botswana,1639833,Africa,Sub-Saharan Africa
BV,Bouvet Island,Bouvet Island,BVT,,13360562,https://www.openstreetmap.org/relation/13360562,Q23408,https://www.wikidata.org/wiki/Q23408,en:Bouvet Island,https://en.wikipedia.org/wiki/Bouvet_Island,en,Bouvet Island,,Americas,Latin America and the Caribbean
BR,Brazil,Brazil,BRA,076,59470,https://www.openstreetmap.org/relation/59470,Q155,https://www.wikidata.org/wiki/Q155,pt:Brasil,https://pt.wikipedia.org/wiki/Brasil,pt,Brasil,208714806,Americas,Latin America and the Caribbean
IO,British Indian Ocean Territory,British Indian Ocean Territory,IOT,086,1993867,https://www.openstreetmap.org/relation/1993867,Q43448,https://www.wikidata.org/wiki/Q43448,en:British Indian Ocean Territory,https://en.wikipedia.org/wiki/British_Indian_Ocean_Territory,en,British Indian Ocean Territory,3500,Africa,Sub-Saharan Africa
BN,Brunei Darussalam,Brunei,BRN,096,2103120,https://www.openstreetmap.org/relation/2103120,Q921,https://www.wikidata.org/wiki/Q921,ms:Brunei,https://ms.wikipedia.org/wiki/Brunei,ms,Brunei,,Asia,South-eastern Asia
BG,Bulgaria,Bulgaria,BGR,100,186382,https://www.openstreetmap.org/relation/186382,Q219,https://www.wikidata.org/wiki/Q219,bg:България,https://bg.wikipedia.org/wiki/%D0%91%D1%8A%D0%BB%D0%B3%D0%B0%D1%80%D0%B8%D1%8F,bg,България,,Europe,Eastern Europe
BF,Burkina Faso,Burkina Faso,BFA,854,192783,https://www.openstreetmap.org/relation/192783,Q965,https://www.wikidata.org/wiki/Q965,fr:Burkina Faso,https://fr.wikipedia.org/wiki/Burkina_Faso,fr,Burkina Faso,16751455,Africa,Sub-Saharan Africa
BI,Burundi,Burundi,BDI,108,195269,https://www.openstreetmap.org/relation/195269,Q967,https://www.wikidata.org/wiki/Q967,en:Burundi,https://en.wikipedia.org/wiki/Burundi,en,Burundi,10557000,Africa,Sub-Saharan Africa
CV,Cabo Verde,Cape Verde,CPV,132,535774,https://www.openstreetmap.org/relation/535774,Q1011,https://www.wikidata.org/wiki/Q1011,pt:Cabo Verde,https://pt.wikipedia.org/wiki/Cabo_Verde,pt,Cabo Verde,516000,Africa,Sub-Saharan Africa
KH,Cambodia,Cambodia,KHM,116,49898,https://www.openstreetmap.org/relation/49898,Q424,https://www.wikidata.org/wiki/Q424,en:Cambodia,https://en.wikipedia.org/wiki/Cambodia,en,Cambodia,,Asia,South-eastern Asia
CM,Cameroon,Cameroon,CMR,120,192830,https://www.openstreetmap.org/relation/192830,Q1009,https://www.wikidata.org/wiki/Q1009,fr:Cameroun,https://fr.wikipedia.org/wiki/Cameroun,fr,Cameroun,20549221,Africa,Sub-Saharan Africa
CA,Canada,Canada,CAN,124,1428125,https://www.openstreetmap.org/relation/1428125,Q16,https://www.wikidata.org/wiki/Q16,en:Canada,https://en.wikipedia.org/wiki/Canada,en,Canada,36991981,Americas,Northern America
KY,Cayman Islands,Cayman Islands,CYM,136,2185366,https://www.openstreetmap.org/relation/2185366,Q5785,https://www.wikidata.org/wiki/Q5785,en:Cayman Islands,https://en.wikipedia.org/wiki/Cayman_Islands,en,Cayman Islands,49035,Americas,Latin America and the Caribbean
CF,Central African Republic,Central African Republic,CAF,140,192790,https://www.openstreetmap.org/relation/192790,Q929,https://www.wikidata.org/wiki/Q929,fr:République centrafricaine,https://fr.wikipedia.org/wiki/R%C3%A9publique_centrafricaine,fr,République centrafricaine,,Africa,Sub-Saharan Africa
TD,Chad,Chad,TCD,148,2361304,https://www.openstreetmap.org/relation/2361304,Q657,https://www.wikidata.org/wiki/Q657,ar:تشاد,https://ar.wikipedia.org/wiki/%D8%AA%D8%B4%D8%A7%D8%AF,ar,تشاد,10329208,Africa,Sub-Saharan Africa
CL,Chile,Chile,CHL,152,167454,https://www.openstreetmap.org/relation/167454,Q298,https://www.wikidata.org/wiki/Q298,es:Chile,https://es.wikipedia.org/wiki/Chile,es,Chile,18480432,Americas,Latin America and the Caribbean
CN,China,China,CHN,156,270056,https://www.openstreetmap.org/relation/270056,Q148,https://www.wikidata.org/wiki/Q148,zh:中华人民共和国,https://zh.wikipedia.org/wiki/%E4%B8%AD%E5%8D%8E%E4%BA%BA%E6%B0%91%E5%85%B1%E5%92%8C%E5%9B%BD,zh,中华人民共和国,1425671352,Asia,Eastern Asia
CX,Christmas Island,Christmas Island,CXR,162,2177207,https://www.openstreetmap.org/relation/2177207,Q31063,https://www.wikidata.org/wiki/Q31063,en:Christmas Island,https://en.wikipedia.org/wiki/Christmas_Island,en,Christmas Island,,Oceania,Australia and New Zealand
CC,Cocos (Keeling) Islands,Cocos (Keeling) Islands,CCK,166,82636,https://www.openstreetmap.org/relation/82636,Q36004,https://www.wikidata.org/wiki/Q36004,en:Cocos (Keeling) Islands,https://en.wikipedia.org/wiki/Cocos_%28Keeling%29_Islands,en,Cocos (Keeling) Islands,,Oceania,Australia and New Zealand
CO,Colombia,Colombia,COL,170,120027,https://www.openstreetmap.org/relation/120027,Q739,https://www.wikidata.org/wiki/Q739,es:Colombia,https://es.wikipedia.org/wiki/Colombia,es,Colombia,44050548,Americas,Latin America and the Caribbean
KM,Comoros,Comoros,COM,174,535790,https://www.openstreetmap.org/relation/535790,Q970,https://www.wikidata.org/wiki/Q970,ar:جزر القمر,https://ar.wikipedia.org/wiki/%D8%AC%D8%B2%D8%B1_%D8%A7%D9%84%D9%82%D9%85%D8%B1,ar,جزر القمر,614000,Africa,Sub-Saharan Africa
CG,Congo,Congo-Brazzaville,COG,178,192794,https://www.openstreetmap.org/relation/192794,Q971,https://www.wikidata.org/wiki/Q971,fr:République du Congo,https://fr.wikipedia.org/wiki/R%C3%A9publique_du_Congo,fr,République du Congo,,Africa,Sub-Saharan Africa
CD,"Congo, Democratic Republic of the",Democratic Republic of the Congo,COD,180,192795,https://www.openstreetmap.org/relation/192795,Q974,https://www.wikidata.org/wiki/Q974,en:Democratic Republic of the Congo,https://en.wikipedia.org/wiki/Democratic_Republic_of_the_Congo,en,Democratic Republic of the Congo,68692542,Africa,Sub-Saharan Africa
CK,Cook Islands,Cook Islands,COK,184,2184233,https://www.openstreetmap.org/relation/2184233,Q26988,https://www.wikidata.org/wiki/Q26988,en:Cook Islands,https://en.wikipedia.org/wiki/Cook_Islands,en,Cook Islands,18600,Oceania,Polynesia
CR,Costa Rica,Costa Rica,CRI,188,287667,https://www.openstreetmap.org/relation/287667,Q800,https://www.wikidata.org/wiki/Q800,es:Costa Rica,https://es.wikipedia.org/wiki/Costa_Rica,es,Costa Rica,5044197,Americas,Latin America and the Caribbean
CI,Côte d'Ivoire,Ivory Coast,CIV,384,192779,https://www.openstreetmap.org/relation/192779,Q1008,https://www.wikidata.org/wiki/Q1008,fr:Côte d'Ivoire,https://fr.wikipedia.org/wiki/C%C3%B4te_d%27Ivoire,fr,Côte d'Ivoire,,Africa,Sub-Saharan Africa
HR,Croatia,Croatia,HRV,191,214885,https://www.openstreetmap.org/relation/214885,Q224,https://www.wikidata.org/wiki/Q224,hr:Hrvatska,https://hr.wikipedia.org/wiki/Hrvatska,hr,Hrvatska,3871833,Europe,Southern Europe
CU,Cuba,Cuba,CUB,192,307833,https://www.openstreetmap.org/relation/307833,Q241,https://www.wikidata.org/wiki/Q241,en:Cuba,https://en.wikipedia.org/wiki/Cuba,en,Cuba,11451652,Americas,Latin America and the Caribbean
CW,Curaçao,Curacao,CUW,531,1216719,https://www.openstreetmap.org/relation/1216719,Q25279,https://www.wikidata.org/wiki/Q25279,nl:Curaçao,https://nl.wikipedia.org/wiki/Cura%C3%A7ao,nl,Curaçao,,Americas,Latin America and the Caribbean
CY,Cyprus,Cyprus,CYP,196,307787,https://www.openstreetmap.org/relation/307787,,,en:Cyprus,https://en.wikipedia.org/wiki/Cyprus,en,Cyprus,885041,Asia,Western Asia
CZ,Czechia,Czechia,CZE,203,51684,https://www.openstreetmap.org/relation/51684,Q213,https://www.wikidata.org/wiki/Q213,en:Czech Republic,https://en.wikipedia.org/wiki/Czech_Republic,en,Czech Republic,10516707,Europe,Eastern Europe
DK,Denmark,Denmark,DNK,208,50046,https://www.openstreetmap.org/relation/50046,Q35,https://www.wikidata.org/wiki/Q35,da:Danmark,https://da.wikipedia.org/wiki/Danmark,da,Danmark,5475791,Europe,Northern Europe
DJ,Djibouti,Djibouti (outline),DJI,,7328518,https://www.openstreetmap.org/relation/7328518,Q977,https://www.wikidata.org/wiki/Q977,ar:جيبوتي,https://ar.wikipedia.org/wiki/%D8%AC%D9%8A%D8%A8%D9%88%D8%AA%D9%8A,ar,جيبوتي,,Africa,Sub-Saharan Africa
DM,Dominica,Dominica,DMA,212,307823,https://www.openstreetmap.org/relation/307823,Q784,https://www.wikidata.org/wiki/Q784,en:Dominica,https://en.wikipedia.org/wiki/Dominica,en,Dominica,70739,Americas,Latin America and the Caribbean
DO,Dominican Republic,Dominican Republic,DOM,214,307828,https://www.openstreetmap.org/relation/307828,Q786,https://www.wikidata.org/wiki/Q786,es:República Dominicana,https://es.wikipedia.org/wiki/Rep%C3%BAblica_Dominicana,es,República Dominicana,10773983,Americas,Latin America and the Caribbean
EC,Ecuador,Ecuador,ECU,218,108089,https://www.openstreetmap.org/relation/108089,Q736,https://www.wikidata.org/wiki/Q736,es:Ecuador,https://es.wikipedia.org/wiki/Ecuador,es,Ecuador,13755680,Americas,Latin America and the Caribbean
EG,Egypt,Egypt,EGY,818,1473947,https://www.openstreetmap.org/relation/1473947,Q79,https://www.wikidata.org/wiki/Q79,en:Egypt,https://en.wikipedia.org/wiki/Egypt,en,Egypt,112716599,Africa,Northern Africa
SV,El Salvador,El Salvador,SLV,222,1520612,https://www.openstreetmap.org/relation/1520612,Q792,https://www.wikidata.org/wiki/Q792,es:El Salvador,https://es.wikipedia.org/wiki/El_Salvador,es,El Salvador,6029976,Americas,Latin America and the Caribbean
GQ,Equatorial Guinea,Equatorial Guinea,GNQ,226,192791,https://www.openstreetmap.org/relation/192791,Q983,https://www.wikidata.org/wiki/Q983,es:Guinea Ecuatorial,https://es.wikipedia.org/wiki/Guinea_Ecuatorial,es,Guinea Ecuatorial,1847549,Africa,Sub-Saharan Africa
ER,Eritrea,Eritrea,ERI,232,296961,https://www.openstreetmap.org/relation/296961,Q986,https://www.wikidata.org/wiki/Q986,en:Eritrea,https://en.wikipedia.org/wiki/Eritrea,en,Eritrea,3497000,Africa,Sub-Saharan Africa
EE,Estonia,Estonia,EST,233,79510,https://www.openstreetmap.org/relation/79510,Q191,https://www.wikidata.org/wiki/Q191,et:Eesti,https://et.wikipedia.org/wiki/Eesti,et,Eesti,1307605,Europe,Northern Europe
SZ,Eswatini,Eswatini,SWZ,748,88210,https://www.openstreetmap.org/relation/88210,Q1050,https://www.wikidata.org/wiki/Q1050,en:Eswatini,https://en.wikipedia.org/wiki/Eswatini,en,Eswatini,1370424,Africa,Sub-Saharan Africa
ET,Ethiopia,Ethiopia,ETH,231,192800,https://www.openstreetmap.org/relation/192800,Q115,https://www.wikidata.org/wiki/Q115,en:Ethiopia,https://en.wikipedia.org/wiki/Ethiopia,en,Ethiopia,126527060,Africa,Sub-Saharan Africa
FK,Falkland Islands (Malvinas),Falkland Islands,FLK,238,2185374,https://www.openstreetmap.org/relation/2185374,Q9648,https://www.wikidata.org/wiki/Q9648,en:Falkland Islands,https://en.wikipedia.org/wiki/Falkland_Islands,en,Falkland Islands,2955,Americas,Latin America and the Caribbean
FO,Faroe Islands,Faroe Islands,FRO,234,52939,https://www.openstreetmap.org/relation/52939,Q4628,https://www.wikidata.org/wiki/Q4628,en:Faroe Islands,https://en.wikipedia.org/wiki/Faroe_Islands,en,Faroe Islands,48565,Europe,Northern Europe
FJ,Fiji,Fiji,FJI,242,571747,https://www.openstreetmap.org/relation/571747,Q712,https://www.wikidata.org/wiki/Q712,en:Fiji,https://en.wikipedia.org/wiki/Fiji,en,Fiji,,Oceania,Melanesia
FI,Finland,Finland,FIN,246,54224,https://www.openstreetmap.org/relation/54224,Q33,https://www.wikidata.org/wiki/Q33,fi:Suomi,https://fi.wikipedia.org/wiki/Suomi,fi,Suomi,5429894,Europe,Northern Europe
FR,France,France,FRA,250,2202162,https://www.openstreetmap.org/relation/2202162,Q142,https://www.wikidata.org/wiki/Q142,fr:France,https://fr.wikipedia.org/wiki/France,fr,France,67852556,Europe,Western Europe
GF,French Guiana,French Guiana,GUF,254,2502058,https://www.openstreetmap.org/relation/2502058,Q3769,https://www.wikidata.org/wiki/Q3769,fr:Guyane,https://fr.wikipedia.org/wiki/Guyane,fr,Guyane,276128,Americas,Latin America and the Caribbean
PF,French Polynesia,French Polynesia,PYF,258,3412620,https://www.openstreetmap.org/relation/3412620,Q30971,https://www.wikidata.org/wiki/Q30971,fr:Polynésie française,https://fr.wikipedia.org/wiki/Polyn%C3%A9sie_fran%C3%A7aise,fr,Polynésie française,275918,Oceania,Polynesia
TF,French Southern Territories,French Southern and Antarctic Lands,ATF,260,2186658,https://www.openstreetmap.org/relation/2186658,Q129003,https://www.wikidata.org/wiki/Q129003,fr:Terres australes et antarctiques françaises,https://fr.wikipedia.org/wiki/Terres_australes_et_antarctiques_fran%C3%A7aises,fr,Terres australes et antarctiques françaises,,Africa,Sub-Saharan Africa
GA,Gabon,Gabon,GAB,266,192793,https://www.openstreetmap.org/relation/192793,Q1000,https://www.wikidata.org/wiki/Q1000,en:Gabon,https://en.wikipedia.org/wiki/Gabon,en,Gabon,1576665,Africa,Sub-Saharan Africa
GM,Gambia,The Gambia,GMB,270,192774,https://www.openstreetmap.org/relation/192774,Q1005,https://www.wikidata.org/wiki/Q1005,en:The Gambia,https://en.wikipedia.org/wiki/The_Gambia,en,The Gambia,1713267,Africa,Sub-Saharan Africa
GE,Georgia,Georgia,GEO,268,28699,https://www.openstreetmap.org/relation/28699,Q230,https://www.wikidata.org/wiki/Q230,en:Georgia (country),https://en.wikipedia.org/wiki/Georgia_%28country%29,en,Georgia (country),3929581,Asia,Western Asia
DE,Germany,Germany,DEU,276,51477,https://www.openstreetmap.org/relation/51477,Q183,https://www.wikidata.org/wiki/Q183,de:Deutschland,https://de.wikipedia.org/wiki/Deutschland,de,Deutschland,83129285,Europe,Western Europe
GH,Ghana,Ghana,GHA,288,192781,https://www.openstreetmap.org/relation/192781,Q117,https://www.wikidata.org/wiki/Q117,en:Ghana,https://en.wikipedia.org/wiki/Ghana,en,Ghana,30792608,Africa,Sub-Saharan Africa
GI,Gibraltar,Gibraltar,GIB,292,1278736,https://www.openstreetmap.org/relation/1278736,Q1410,https://www.wikidata.org/wiki/Q1410,en:Gibraltar,https://en.wikipedia.org/wiki/Gibraltar,en,Gibraltar,32688,Europe,Southern Europe
GR,Greece,Greece,GRC,300,192307,https://www.openstreetmap.org/relation/192307,Q41,https://www.wikidata.org/wiki/Q41,el:Ελλάδα,https://el.wikipedia.org/wiki/%CE%95%CE%BB%CE%BB%CE%AC%CE%B4%CE%B1,el,Ελλάδα,,Europe,Southern Europe
GL,Greenland,Greenland,GRL,304,2184073,https://www.openstreetmap.org/relation/2184073,Q223,https://www.wikidata.org/wiki/Q223,en:Greenland,https://en.wikipedia.org/wiki/Greenland,en,Greenland,57564,Americas,Northern America
GD,Grenada,Grenada,GRD,308,550727,https://www.openstreetmap.org/relation/550727,Q769,https://www.wikidata.org/wiki/Q769,en:Grenada,https://en.wikipedia.org/wiki/Grenada,en,Grenada,117081,Americas,Latin America and the Caribbean
GP,Guadeloupe,Guadeloupe,GLP,312,2562137,https://www.openstreetmap.org/relation/2562137,Q17012,https://www.wikidata.org/wiki/Q17012,fr:Guadeloupe,https://fr.wikipedia.org/wiki/Guadeloupe,fr,Guadeloupe,384239,Americas,Latin America and the Caribbean
GU,Guam,Guam,GUM,316,306001,https://www.openstreetmap.org/relation/306001,Q16635,https://www.wikidata.org/wiki/Q16635,en:Guam,https://en.wikipedia.org/wiki/Guam,en,Guam,185427,Oceania,Micronesia
GT,Guatemala,Guatemala,GTM,320,1521463,https://www.openstreetmap.org/relation/1521463,Q774,https://www.wikidata.org/wiki/Q774,en:Guatemala,https://en.wikipedia.org/wiki/Guatemala,en,Guatemala,17980803,Americas,Latin America and the Caribbean
GG,Guernsey,Guernsey (land mass),GGY,831,6571872,https://www.openstreetmap.org/relation/6571872,,,,,,,,Europe,Northern Europe
GN,Guinea,Guinea,GIN,324,192778,https://www.openstreetmap.org/relation/192778,Q1006,https://www.wikidata.org/wiki/Q1006,en:Guinea,https://en.wikipedia.org/wiki/Guinea,en,Guinea,10187320,Africa,Sub-Saharan Africa
GW,Guinea-Bissau,Guinea-Bissau,GNB,624,192776,https://www.openstreetmap.org/relation/192776,Q1007,https://www.wikidata.org/wiki/Q1007,en:Guinea-Bissau,https://en.wikipedia.org/wiki/Guinea-Bissau,en,Guinea-Bissau,1449230,Africa,Sub-Saharan Africa
GY,Guyana,Guyana,GUY,328,287083,https://www.openstreetmap.org/relation/287083,Q734,https://www.wikidata.org/wiki/Q734,en:Guyana,https://en.wikipedia.org/wiki/Guyana,en,Guyana,752940,Americas,Latin America and the Caribbean
HT,Haiti,Haiti,HTI,332,7326620,https://www.openstreetmap.org/relation/7326620,Q790,https://www.wikidata.org/wiki/Q790,de:Haiti,https://de.wikipedia.org/wiki/Haiti,de,Haiti,,Americas,Latin America and the Caribbean
HM,Heard Island and McDonald Islands,Heard Island and McDonald Islands,HMD,334,2177227,https://www.openstreetmap.org/relation/2177227,Q131198,https://www.wikidata.org/wiki/Q131198,en:Heard Island and McDonald Islands,https://en.wikipedia.org/wiki/Heard_Island_and_McDonald_Islands,en,Heard Island and McDonald Islands,0,Oceania,Australia and New Zealand
VA,Holy See,Vatican City,VAT,336,36989,https://www.openstreetmap.org/relation/36989,Q237,https://www.wikidata.org/wiki/Q237,it:Città del Vaticano,https://it.wikipedia.org/wiki/Citt%C3%A0_del_Vaticano,it,Città del Vaticano,453,Europe,Southern Europe
HN,Honduras,Honduras,HND,340,287670,https://www.openstreetmap.org/relation/287670,Q783,https://www.wikidata.org/wiki/Q783,es:Honduras,https://es.wikipedia.org/wiki/Honduras,es,Honduras,7989415,Americas,Latin America and the Caribbean
HK,Hong Kong,Hong Kong,HKG,344,913110,https://www.openstreetmap.org/relation/913110,Q8646,https://www.wikidata.org/wiki/Q8646,zh:香港,https://zh.wikipedia.org/wiki/%E9%A6%99%E6%B8%AF,zh,香港,7346700,Asia,Eastern Asia
HU,Hungary,Hungary,HUN,348,21335,https://www.openstreetmap.org/relation/21335,Q28,https://www.wikidata.org/wiki/Q28,hu:Magyarország,https://hu.wikipedia.org/wiki/Magyarorsz%C3%A1g,hu,Magyarország,9603634,Europe,Eastern Europe
IS,Iceland,Iceland,ISL,352,299133,https://www.openstreetmap.org/relation/299133,Q189,https://www.wikidata.org/wiki/Q189,is:Ísland,https://is.wikipedia.org/wiki/%C3%8Dsland,is,Ísland,383726,Europe,Northern Europe
IN,India,India,IND,356,304716,https://www.openstreetmap.org/relation/304716,Q668,https://www.wikidata.org/wiki/Q668,en:India,https://en.wikipedia.org/wiki/India,en,India,1428627663,Asia,Southern Asia
ID,Indonesia,Indonesia,IDN,360,304751,https://www.openstreetmap.org/relation/304751,Q252,https://www.wikidata.org/wiki/Q252,id:Indonesia,https://id.wikipedia.org/wiki/Indonesia,id,Indonesia,270203917,Asia,South-eastern Asia
IR,"Iran, Islamic Republic of",Iran,IRN,364,304938,https://www.openstreetmap.org/relation/304938,Q794,https://www.wikidata.org/wiki/Q794,fa:ایران,https://fa.wikipedia.org/wiki/%D8%A7%DB%8C%D8%B1%D8%A7%D9%86,fa,ایران,79926270,Asia,Southern Asia
IQ,Iraq,Iraq,IRQ,368,304934,https://www.openstreetmap.org/relation/304934,Q796,https://www.wikidata.org/wiki/Q796,ar:العراق,https://ar.wikipedia.org/wiki/%D8%A7%D9%84%D8%B9%D8%B1%D8%A7%D9%82,ar,العراق,28946000,Asia,Western Asia
IE,Ireland,Ireland,IRL,372,62273,https://www.openstreetmap.org/relation/62273,Q27,https://www.wikidata.org/wiki/Q27,en:Republic of Ireland,https://en.wikipedia.org/wiki/Republic_of_Ireland,en,Republic of Ireland,5123536,Europe,Northern Europe
IM,Isle of Man,Isle of Man,,,6041206,https://www.openstreetmap.org/relation/6041206,Q27508141,https://www.wikidata.org/wiki/Q27508141,en:Isle of Man,https://en.wikipedia.org/wiki/Isle_of_Man,en,Isle of Man,,Europe,Northern Europe
IL,Israel,Israel,ISR,376,1473946,https://www.openstreetmap.org/relation/1473946,Q801,https://www.wikidata.org/wiki/Q801,en:Israel,https://en.wikipedia.org/wiki/Israel,en,Israel,7836300,Asia,Western Asia
IT,Italy,Italy,ITA,380,365331,https://www.openstreetmap.org/relation/365331,Q38,https://www.wikidata.org/wiki/Q38,it:Italia,https://it.wikipedia.org/wiki/Italia,it,Italia,58983000,Europe,Southern Europe
JM,Jamaica,Jamaica,JAM,388,555017,https://www.openstreetmap.org/relation/555017,Q766,https://www.wikidata.org/wiki/Q766,en:Jamaica,https://en.wikipedia.org/wiki/Jamaica,en,Jamaica,2890300,Americas,Latin America and the Caribbean
JP,Japan,Japan,JPN,392,382313,https://www.openstreetmap.org/relation/382313,Q17,https://www.wikidata.org/wiki/Q17,ja:日本,https://ja.wikipedia.org/wiki/%E6%97%A5%E6%9C%AC,ja,日本,127360000,Asia,Eastern Asia
JE,Jersey,Jersey (land mass),JEY,832,1711283,https://www.openstreetmap.org/relation/1711283,,,,,,,,Europe,Northern Europe
JO,Jordan,Jordan,JOR,400,184818,https://www.openstreetmap.org/relation/184818,Q810,https://www.wikidata.org/wiki/Q810,ar:الأردن,https://ar.wikipedia.org/wiki/%D8%A7%D9%84%D8%A3%D8%B1%D8%AF%D9%86,ar,الأردن,6343000,Asia,Western Asia
KZ,Kazakhstan,Kazakhstan,KAZ,398,214665,https://www.openstreetmap.org/relation/214665,Q232,https://www.wikidata.org/wiki/Q232,kk:Қазақстан,https://kk.wikipedia.org/wiki/%D2%9A%D0%B0%D0%B7%D0%B0%D2%9B%D1%81%D1%82%D0%B0%D0%BD,kk,Қазақстан,20495975,Asia,Central Asia
KE,Kenya,Kenya,KEN,404,192798,https://www.openstreetmap.org/relation/192798,Q114,https://www.wikidata.org/wiki/Q114,en:Kenya,https://en.wikipedia.org/wiki/Kenya,en,Kenya,38610097,Africa,Sub-Saharan Africa
KI,Kiribati,Kiribati,KIR,296,571178,https://www.openstreetmap.org/relation/571178,Q710,https://www.wikidata.org/wiki/Q710,en:Kiribati,https://en.wikipedia.org/wiki/Kiribati,en,Kiribati,120000,Oceania,Micronesia
KP,"Korea, Democratic People's Republic of",North Korea,PRK,408,192734,https://www.openstreetmap.org/relation/192734,Q423,https://www.wikidata.org/wiki/Q423,en:North Korea,https://en.wikipedia.org/wiki/North_Korea,en,North Korea,24052231,Asia,Eastern Asia
KR,"Korea, Republic of",South Korea,KOR,410,307756,https://www.openstreetmap.org/relation/307756,Q884,https://www.wikidata.org/wiki/Q884,ko:대한민국,https://ko.wikipedia.org/wiki/%EB%8C%80%ED%95%9C%EB%AF%BC%EA%B5%AD,ko,대한민국,51635256,Asia,Eastern Asia
KW,Kuwait,Kuwait,KWT,414,305099,https://www.openstreetmap.org/relation/305099,Q817,https://www.wikidata.org/wiki/Q817,ar:الكويت,https://ar.wikipedia.org/wiki/%D8%A7%D9%84%D9%83%D9%88%D9%8A%D8%AA,ar,الكويت,3399637,Asia,Western Asia
KG,Kyrgyzstan,Kyrgyzstan,KGZ,417,178009,https://www.openstreetmap.org/relation/178009,Q813,https://www.wikidata.org/wiki/Q813,en:Kyrgyzstan,https://en.wikipedia.org/wiki/Kyrgyzstan,en,Kyrgyzstan,5543300,Asia,Central Asia
LA,Lao People's Democratic Republic,Laos,LAO,418,49903,https://www.openstreetmap.org/relation/49903,Q819,https://www.wikidata.org/wiki/Q819,en:Laos,https://en.wikipedia.org/wiki/Laos,en,Laos,6200894,Asia,South-eastern Asia
LV,Latvia,Latvia,LVA,428,72594,https://www.openstreetmap.org/relation/72594,Q211,https://www.wikidata.org/wiki/Q211,lv:Latvija,https://lv.wikipedia.org/wiki/Latvija,lv,Latvija,1845096,Europe,Northern Europe
LB,Lebanon,Lebanon,LBN,422,184843,https://www.openstreetmap.org/relation/184843,Q822,https://www.wikidata.org/wiki/Q822,ar:لبنان,https://ar.wikipedia.org/wiki/%D9%84%D8%A8%D9%86%D8%A7%D9%86,ar,لبنان,5296814,Asia,Western Asia
LS,Lesotho,Lesotho,LSO,426,2093234,https://www.openstreetmap.org/relation/2093234,Q1013,https://www.wikidata.org/wiki/Q1013,en:Lesotho,https://en.wikipedia.org/wiki/Lesotho,en,Lesotho,2067000,Africa,Sub-Saharan Africa
LR,Liberia,Liberia,LBR,430,192780,https://www.openstreetmap.org/relation/192780,Q1014,https://www.wikidata.org/wiki/Q1014,en:Liberia,https://en.wikipedia.org/wiki/Liberia,en,Liberia,3476608,Africa,Sub-Saharan Africa
LY,Libya,Libya,LBY,434,192758,https://www.openstreetmap.org/relation/192758,Q1016,https://www.wikidata.org/wiki/Q1016,ar:ليبيا,https://ar.wikipedia.org/wiki/%D9%84%D9%8A%D8%A8%D9%8A%D8%A7,ar,ليبيا,5613380,Africa,Northern Africa
LI,Liechtenstein,Liechtenstein,LIE,438,1155955,https://www.openstreetmap.org/relation/1155955,Q347,https://www.wikidata.org/wiki/Q347,de:Liechtenstein,https://de.wikipedia.org/wiki/Liechtenstein,de,Liechtenstein,39151,Europe,Western Europe
LT,Lithuania,Lithuania (land mass),LTU,440,4474651,https://www.openstreetmap.org/relation/4474651,,,,,,,,Europe,Northern Europe
LU,Luxembourg,Luxembourg,LUX,442,2171347,https://www.openstreetmap.org/relation/2171347,Q32,https://www.wikidata.org/wiki/Q32,en:Luxembourg,https://en.wikipedia.org/wiki/Luxembourg,en,Luxembourg,660809,Europe,Western Europe
MO,Macao,Macau,MAC,446,1867188,https://www.openstreetmap.org/relation/1867188,Q14773,https://www.wikidata.org/wiki/Q14773,zh:澳門,https://zh.wikipedia.org/wiki/%E6%BE%B3%E9%96%80,zh,澳門,,Asia,Eastern Asia
MG,Madagascar,Madagascar,MDG,450,447325,https://www.openstreetmap.org/relation/447325,Q1019,https://www.wikidata.org/wiki/Q1019,id:Madagaskar,https://id.wikipedia.org/wiki/Madagaskar,id,Madagaskar,,Africa,Sub-Saharan Africa
MW,Malawi,Malawi,MWI,454,195290,https://www.openstreetmap.org/relation/195290,Q1020,https://www.wikidata.org/wiki/Q1020,en:Malawi,https://en.wikipedia.org/wiki/Malawi,en,Malawi,14212000,Africa,Sub-Saharan Africa
MY,Malaysia,Malaysia,MYS,458,2108121,https://www.openstreetmap.org/relation/2108121,Q833,https://www.wikidata.org/wiki/Q833,en:Malaysia,https://en.wikipedia.org/wiki/Malaysia,en,Malaysia,28334135,Asia,South-eastern Asia
MV,Maldives,Maldives,MDV,462,536773,https://www.openstreetmap.org/relation/536773,Q826,https://www.wikidata.org/wiki/Q826,en:Maldives,https://en.wikipedia.org/wiki/Maldives,en,Maldives,328536,Asia,Southern Asia
ML,Mali,Mali,MLI,466,192785,https://www.openstreetmap.org/relation/192785,Q912,https://www.wikidata.org/wiki/Q912,fr:Mali,https://fr.wikipedia.org/wiki/Mali,fr,Mali,14517176,Africa,Sub-Saharan Africa
MT,Malta,Malta,MLT,470,365307,https://www.openstreetmap.org/relation/365307,Q233,https://www.wikidata.org/wiki/Q233,en:Malta,https://en.wikipedia.org/wiki/Malta,en,Malta,423282,Europe,Southern Europe
MH,Marshall Islands,Marshall Islands,MHL,584,571771,https://www.openstreetmap.org/relation/571771,Q709,https://www.wikidata.org/wiki/Q709,en:Marshall Islands,https://en.wikipedia.org/wiki/Marshall_Islands,en,Marshall Islands,,Oceania,Micronesia
MQ,Martinique,Martinique,MTQ,474,2473088,https://www.openstreetmap.org/relation/2473088,Q17054,https://www.wikidata.org/wiki/Q17054,fr:Martinique,https://fr.wikipedia.org/wiki/Martinique,fr,Martinique,364508,Americas,Latin America and the Caribbean
MR,Mauritania,Mauritania,MRT,478,192763,https://www.openstreetmap.org/relation/192763,Q1025,https://www.wikidata.org/wiki/Q1025,en:Mauritania,https://en.wikipedia.org/wiki/Mauritania,en,Mauritania,,Africa,Sub-Saharan Africa
MU,Mauritius,Mauritius,MUS,480,535828,https://www.openstreetmap.org/relation/535828,Q1027,https://www.wikidata.org/wiki/Q1027,en:Mauritius,https://en.wikipedia.org/wiki/Mauritius,en,Mauritius,1265475,Africa,Sub-Saharan Africa
YT,Mayotte,Mayotte,MYT,175,3388394,https://www.openstreetmap.org/relation/3388394,Q17063,https://www.wikidata.org/wiki/Q17063,fr:Mayotte,https://fr.wikipedia.org/wiki/Mayotte,fr,Mayotte,,Africa,Sub-Saharan Africa
MX,Mexico,Mexico,MEX,484,114686,https://www.openstreetmap.org/relation/114686,Q96,https://www.wikidata.org/wiki/Q96,es:México,https://es.wikipedia.org/wiki/M%C3%A9xico,es,México,129900000,Americas,Latin America and the Caribbean
FM,"Micronesia, Federated States of",Federated States of Micronesia,FSM,583,571802,https://www.openstreetmap.org/relation/571802,Q702,https://www.wikidata.org/wiki/Q702,en:Federated States of Micronesia,https://en.wikipedia.org/wiki/Federated_States_of_Micronesia,en,Federated States of Micronesia,,Oceania,Micronesia
MD,"Moldova, Republic of",Moldova,MDA,498,58974,https://www.openstreetmap.org/relation/58974,Q217,https://www.wikidata.org/wiki/Q217,en:Moldova,https://en.wikipedia.org/wiki/Moldova,en,Moldova,4128047,Europe,Eastern Europe
MC,Monaco,Monaco,MCO,492,1124039,https://www.openstreetmap.org/relation/1124039,Q235,https://www.wikidata.org/wiki/Q235,fr:Monaco,https://fr.wikipedia.org/wiki/Monaco,fr,Monaco,39050,Europe,Western Europe
MN,Mongolia,Mongolia,MNG,496,161033,https://www.openstreetmap.org/relation/161033,Q711,https://www.wikidata.org/wiki/Q711,en:Mongolia,https://en.wikipedia.org/wiki/Mongolia,en,Mongolia,,Asia,Eastern Asia
ME,Montenegro,Montenegro,MNE,499,53296,https://www.openstreetmap.org/relation/53296,Q236,https://www.wikidata.org/wiki/Q236,en:Montenegro,https://en.wikipedia.org/wiki/Montenegro,en,Montenegro,678177,Europe,Southern Europe
MS,Montserrat,Montserrat,MSR,500,537257,https://www.openstreetmap.org/relation/537257,Q13353,https://www.wikidata.org/wiki/Q13353,en:Montserrat,https://en.wikipedia.org/wiki/Montserrat,en,Montserrat,4922,Americas,Latin America and the Caribbean
MA,Morocco,Morocco,MAR,504,3630439,https://www.openstreetmap.org/relation/3630439,Q1028,https://www.wikidata.org/wiki/Q1028,ar:المغرب,https://ar.wikipedia.org/wiki/%D8%A7%D9%84%D9%85%D8%BA%D8%B1%D8%A8,ar,المغرب,36828330,Africa,Northern Africa
MZ,Mozambique,Mozambique,MOZ,508,195273,https://www.openstreetmap.org/relation/195273,Q1029,https://www.wikidata.org/wiki/Q1029,en:Mozambique,https://en.wikipedia.org/wiki/Mozambique,en,Mozambique,,Africa,Sub-Saharan Africa
MM,Myanmar,Myanmar,MMR,104,50371,https://www.openstreetmap.org/relation/50371,Q836,https://www.wikidata.org/wiki/Q836,my:မြန်မာနိုင်ငံ,https://my.wikipedia.org/wiki/%E1%80%99%E1%80%BC%E1%80%94%E1%80%BA%E1%80%99%E1%80%AC%E1%80%94%E1%80%AD%E1%80%AF%E1%80%84%E1%80%BA%E1%80%84%E1%80%B6,my,မြန်မာနိုင်ငံ,55167330,Asia,South-eastern Asia
NA,Namibia,Namibia,NAM,516,195266,https://www.openstreetmap.org/relation/195266,Q1030,https://www.wikidata.org/wiki/Q1030,en:Namibia,https://en.wikipedia.org/wiki/Namibia,en,Namibia,2113077,Africa,Sub-Saharan Africa
NR,Nauru,Nauru,NRU,520,571804,https://www.openstreetmap.org/relation/571804,Q697,https://www.wikidata.org/wiki/Q697,en:Nauru,https://en.wikipedia.org/wiki/Nauru,en,Nauru,10175,Oceania,Micronesia
NP,Nepal,Nepal,NPL,524,184633,https://www.openstreetmap.org/relation/184633,Q837,https://www.wikidata.org/wiki/Q837,en:Nepal,https://en.wikipedia.org/wiki/Nepal,en,Nepal,29519114,Asia,Southern Asia
NL,"Netherlands, Kingdom of the",Netherlands,NLD,528,2323309,https://www.openstreetmap.org/relation/2323309,Q29999,https://www.wikidata.org/wiki/Q29999,nl:Koninkrijk der Nederlanden,https://nl.wikipedia.org/wiki/Koninkrijk_der_Nederlanden,nl,Koninkrijk der Nederlanden,17433572,Europe,Western Europe
NC,New Caledonia,New Caledonia,NCL,540,3407643,https://www.openstreetmap.org/relation/3407643,Q33788,https://www.wikidata.org/wiki/Q33788,fr:Nouvelle-Calédonie,https://fr.wikipedia.org/wiki/Nouvelle-Cal%C3%A9donie,fr,Nouvelle-Calédonie,271407,Oceania,Melanesia
NZ,New Zealand,New Zealand,NZL,554,556706,https://www.openstreetmap.org/relation/556706,Q664,https://www.wikidata.org/wiki/Q664,en:New Zealand,https://en.wikipedia.org/wiki/New_Zealand,en,New Zealand,5158113,Oceania,Australia and New Zealand
NI,Nicaragua,Nicaragua,NIC,558,287666,https://www.openstreetmap.org/relation/287666,Q811,https://www.wikidata.org/wiki/Q811,es:Nicaragua,https://es.wikipedia.org/wiki/Nicaragua,es,Nicaragua,6393824,Americas,Latin America and the Caribbean
NE,Niger,Niger,NER,562,192786,https://www.openstreetmap.org/relation/192786,Q1032,https://www.wikidata.org/wiki/Q1032,fr:Niger,https://fr.wikipedia.org/wiki/Niger,fr,Niger,17129076,Africa,Sub-Saharan Africa
NG,Nigeria,Nigeria,NGA,566,192787,https://www.openstreetmap.org/relation/192787,Q1033,https://www.wikidata.org/wiki/Q1033,en:Nigeria,https://en.wikipedia.org/wiki/Nigeria,en,Nigeria,152217341,Africa,Sub-Saharan Africa
NU,Niue,Niue,NIU,570,1558556,https://www.openstreetmap.org/relation/1558556,Q34020,https://www.wikidata.org/wiki/Q34020,en:Niue,https://en.wikipedia.org/wiki/Niue,en,Niue,,Oceania,Polynesia
NF,Norfolk Island,Norfolk Island,NFK,574,2574988,https://www.openstreetmap.org/relation/2574988,Q31057,https://www.wikidata.org/wiki/Q31057,en:Norfolk Island,https://en.wikipedia.org/wiki/Norfolk_Island,en,Norfolk Island,1748,Oceania,Australia and New Zealand
MK,North Macedonia,North Macedonia,MKD,807,53293,https://www.openstreetmap.org/relation/53293,Q221,https://www.wikidata.org/wiki/Q221,mk:Македонија,https://mk.wikipedia.org/wiki/%D0%9C%D0%B0%D0%BA%D0%B5%D0%B4%D0%BE%D0%BD%D0%B8%D1%98%D0%B0,mk,Македонија,2061315,Europe,Southern Europe
MP,Northern Mariana Islands,Northern Mariana Islands,MNP,580,306004,https://www.openstreetmap.org/relation/306004,Q16644,https://www.wikidata.org/wiki/Q16644,en:Northern Mariana Islands,https://en.wikipedia.org/wiki/Northern_Mariana_Islands,en,Northern Mariana Islands,55650,Oceania,Micronesia
NO,Norway,Norway,NOR,578,2978650,https://www.openstreetmap.org/relation/2978650,Q20,https://www.wikidata.org/wiki/Q20,no:Norge,https://no.wikipedia.org/wiki/Norge,no,Norge,5594340,Europe,Northern Europe
OM,Oman,Oman,OMN,512,305138,https://www.openstreetmap.org/relation/305138,Q842,https://www.wikidata.org/wiki/Q842,ar:سلطنة عمان,https://ar.wikipedia.org/wiki/%D8%B3%D9%84%D8%B7%D9%86%D8%A9_%D8%B9%D9%85%D8%A7%D9%86,ar,سلطنة عمان,2577000,Asia,Western Asia
PK,Pakistan,Pakistan,PAK,586,307573,https://www.openstreetmap.org/relation/307573,Q843,https://www.wikidata.org/wiki/Q843,ur:پاکستان,https://ur.wikipedia.org/wiki/%D9%BE%D8%A7%DA%A9%D8%B3%D8%AA%D8%A7%D9%86,ur,پاکستان,241499431,Asia,Southern Asia
PW,Palau,Palau,PLW,585,571805,https://www.openstreetmap.org/relation/571805,Q695,https://www.wikidata.org/wiki/Q695,en:Palau,https://en.wikipedia.org/wiki/Palau,en,Palau,21680,Oceania,Micronesia
PS,"Palestine, State of",Palestinian Territories,PSE,275,1703814,https://www.openstreetmap.org/relation/1703814,Q219060,https://www.wikidata.org/wiki/Q219060,en:Palestine,https://en.wikipedia.org/wiki/Palestine,en,Palestine,,Asia,Western Asia
PA,Panama,Panama,PAN,591,287668,https://www.openstreetmap.org/relation/287668,Q804,https://www.wikidata.org/wiki/Q804,en:Panama,https://en.wikipedia.org/wiki/Panama,en,Panama,,Americas,Latin America and the Caribbean
PG,Papua New Guinea,Papua New Guinea,PNG,598,307866,https://www.openstreetmap.org/relation/307866,Q691,https://www.wikidata.org/wiki/Q691,en:Papua New Guinea,https://en.wikipedia.org/wiki/Papua_New_Guinea,en,Papua New Guinea,,Oceania,Melanesia
PY,Paraguay,Paraguay,PRY,600,287077,https://www.openstreetmap.org/relation/287077,Q733,https://www.wikidata.org/wiki/Q733,es:Paraguay,https://es.wikipedia.org/wiki/Paraguay,es,Paraguay,7012433,Americas,Latin America and the Caribbean
PE,Peru,Peru,PER,604,288247,https://www.openstreetmap.org/relation/288247,Q419,https://www.wikidata.org/wiki/Q419,es:Perú,https://es.wikipedia.org/wiki/Per%C3%BA,es,Perú,34157732,Americas,Latin America and the Caribbean
PH,Philippines,Philippines,PHL,608,443174,https://www.openstreetmap.org/relation/443174,Q928,https://www.wikidata.org/wiki/Q928,en:Philippines,https://en.wikipedia.org/wiki/Philippines,en,Philippines,112729484,Asia,South-eastern Asia
PN,Pitcairn,Pitcairn Islands,PCN,612,2185375,https://www.openstreetmap.org/relation/2185375,Q35672,https://www.wikidata.org/wiki/Q35672,en:Pitcairn Islands,https://en.wikipedia.org/wiki/Pitcairn_Islands,en,Pitcairn Islands,,Oceania,Polynesia
PL,Poland,Poland,POL,616,49715,https://www.openstreetmap.org/relation/49715,Q36,https://www.wikidata.org/wiki/Q36,pl:Polska,https://pl.wikipedia.org/wiki/Polska,pl,Polska,37332500,Europe,Eastern Europe
PT,Portugal,Portugal,PRT,620,295480,https://www.openstreetmap.org/relation/295480,Q45,https://www.wikidata.org/wiki/Q45,pt:Portugal,https://pt.wikipedia.org/wiki/Portugal,pt,Portugal,10344802,Europe,Southern Europe
PR,Puerto Rico,Puerto Rico,PRI,630,4422604,https://www.openstreetmap.org/relation/4422604,Q1183,https://www.wikidata.org/wiki/Q1183,en:Puerto Rico,https://en.wikipedia.org/wiki/Puerto_Rico,en,Puerto Rico,,Americas,Latin America and the Caribbean
QA,Qatar,Qatar (Land mass),QAT,634,3832630,https://www.openstreetmap.org/relation/3832630,,,,,,,,Asia,Western Asia
RE,Réunion,Réunion,REU,,2470060,https://www.openstreetmap.org/relation/2470060,Q17070,https://www.wikidata.org/wiki/Q17070,fr:La Réunion,https://fr.wikipedia.org/wiki/La_R%C3%A9union,fr,La Réunion,861210,Africa,Sub-Saharan Africa
RO,Romania,Romania,ROU,642,90689,https://www.openstreetmap.org/relation/90689,Q218,https://www.wikidata.org/wiki/Q218,en:Romania,https://en.wikipedia.org/wiki/Romania,en,Romania,19064409,Europe,Eastern Europe
RU,Russian Federation,Russia,RUS,643,60189,https://www.openstreetmap.org/relation/60189,Q159,https://www.wikidata.org/wiki/Q159,ru:Россия,https://ru.wikipedia.org/wiki/%D0%A0%D0%BE%D1%81%D1%81%D0%B8%D1%8F,ru,Россия,146119928,Europe,Eastern Europe
RW,Rwanda,Rwanda,RWA,646,171496,https://www.openstreetmap.org/relation/171496,Q1037,https://www.wikidata.org/wiki/Q1037,en:Rwanda,https://en.wikipedia.org/wiki/Rwanda,en,Rwanda,11400000,Africa,Sub-Saharan Africa
BL,Saint Barthélemy,Saint Barthélemy,BLM,652,537967,https://www.openstreetmap.org/relation/537967,Q25362,https://www.wikidata.org/wiki/Q25362,fr:Saint-Barthélemy (Antilles françaises),https://fr.wikipedia.org/wiki/Saint-Barth%C3%A9lemy_%28Antilles_fran%C3%A7aises%29,fr,Saint-Barthélemy (Antilles françaises),10289,Americas,Latin America and the Caribbean
SH,"Saint Helena, Ascension and Tristan da Cunha",Saint Helena,,,4868269,https://www.openstreetmap.org/relation/4868269,Q34497,https://www.wikidata.org/wiki/Q34497,en:Saint Helena,https://en.wikipedia.org/wiki/Saint_Helena,en,Saint Helena,,Africa,Sub-Saharan Africa
KN,Saint Kitts and Nevis,Saint Kitts and Nevis,KNA,659,536899,https://www.openstreetmap.org/relation/536899,Q763,https://www.wikidata.org/wiki/Q763,en:Saint Kitts and Nevis,https://en.wikipedia.org/wiki/Saint_Kitts_and_Nevis,en,Saint Kitts and Nevis,42696,Americas,Latin America and the Caribbean
LC,Saint Lucia,Saint Lucia,LCA,662,550728,https://www.openstreetmap.org/relation/550728,Q760,https://www.wikidata.org/wiki/Q760,en:Saint Lucia,https://en.wikipedia.org/wiki/Saint_Lucia,en,Saint Lucia,173907,Americas,Latin America and the Caribbean
MF,Saint Martin (French part),Saint Martin,MAF,663,1891583,https://www.openstreetmap.org/relation/1891583,Q126125,https://www.wikidata.org/wiki/Q126125,fr:Saint-Martin (Antilles françaises),https://fr.wikipedia.org/wiki/Saint-Martin_%28Antilles_fran%C3%A7aises%29,fr,Saint-Martin (Antilles françaises),32489,Americas,Latin America and the Caribbean
PM,Saint Pierre and Miquelon,Saint Pierre and Miquelon,SPM,666,3406826,https://www.openstreetmap.org/relation/3406826,Q34617,https://www.wikidata.org/wiki/Q34617,fr:Saint-Pierre-et-Miquelon,https://fr.wikipedia.org/wiki/Saint-Pierre-et-Miquelon,fr,Saint-Pierre-et-Miquelon,5974,Americas,Northern America
VC,Saint Vincent and the Grenadines,Saint Vincent and the Grenadines,VCT,670,550725,https://www.openstreetmap.org/relation/550725,Q757,https://www.wikidata.org/wiki/Q757,en:Saint Vincent and the Grenadines,https://en.wikipedia.org/wiki/Saint_Vincent_and_the_Grenadines,en,Saint Vincent and the Grenadines,117200,Americas,Latin America and the Caribbean
WS,Samoa,Samoa,WSM,882,1872673,https://www.openstreetmap.org/relation/1872673,Q683,https://www.wikidata.org/wiki/Q683,en:Samoa,https://en.wikipedia.org/wiki/Samoa,en,Samoa,193000,Oceania,Polynesia
SM,San Marino,San Marino,SMR,674,54624,https://www.openstreetmap.org/relation/54624,Q238,https://www.wikidata.org/wiki/Q238,it:San Marino,https://it.wikipedia.org/wiki/San_Marino,it,San Marino,33600,Europe,Southern Europe
ST,Sao Tome and Principe,São Tomé and Príncipe,STP,678,535880,https://www.openstreetmap.org/relation/535880,Q1039,https://www.wikidata.org/wiki/Q1039,pt:São Tomé e Príncipe,https://pt.wikipedia.org/wiki/S%C3%A3o_Tom%C3%A9_e_Pr%C3%ADncipe,pt,São Tomé e Príncipe,206178,Africa,Sub-Saharan Africa
SA,Saudi Arabia,Saudi Arabia,SAU,682,307584,https://www.openstreetmap.org/relation/307584,Q851,https://www.wikidata.org/wiki/Q851,ar:السعودية,https://ar.wikipedia.org/wiki/%D8%A7%D9%84%D8%B3%D8%B9%D9%88%D8%AF%D9%8A%D8%A9,ar,السعودية,32175224,Asia,Western Asia
SN,Senegal,Senegal,SEN,686,192775,https://www.openstreetmap.org/relation/192775,Q1041,https://www.wikidata.org/wiki/Q1041,fr:Sénégal,https://fr.wikipedia.org/wiki/S%C3%A9n%C3%A9gal,fr,Sénégal,12643799,Africa,Sub-Saharan Africa
RS,Serbia,Serbia,SRB,688,9088937,https://www.openstreetmap.org/relation/9088937,,,sr:Србија,https://sr.wikipedia.org/wiki/%D0%A1%D1%80%D0%B1%D0%B8%D1%98%D0%B0,sr,Србија,,Europe,Southern Europe
SC,Seychelles,Seychelles,SYC,690,536765,https://www.openstreetmap.org/relation/536765,Q1042,https://www.wikidata.org/wiki/Q1042,en:Seychelles,https://en.wikipedia.org/wiki/Seychelles,en,Seychelles,,Africa,Sub-Saharan Africa
SL,Sierra Leone,Sierra Leone,SLE,694,192777,https://www.openstreetmap.org/relation/192777,Q1044,https://www.wikidata.org/wiki/Q1044,en:Sierra Leone,https://en.wikipedia.org/wiki/Sierra_Leone,en,Sierra Leone,5293327,Africa,Sub-Saharan Africa
SG,Singapore,Singapore,SGP,702,536780,https://www.openstreetmap.org/relation/536780,Q334,https://www.wikidata.org/wiki/Q334,en:Singapore,https://en.wikipedia.org/wiki/Singapore,en,Singapore,4839400,Asia,South-eastern Asia
SX,Sint Maarten (Dutch part),Sint Maarten,SXM,534,1231790,https://www.openstreetmap.org/relation/1231790,Q26273,https://www.wikidata.org/wiki/Q26273,nl:Sint Maarten (land),https://nl.wikipedia.org/wiki/Sint_Maarten_%28land%29,nl,Sint Maarten (land),37429,Americas,Latin America and the Caribbean
SK,Slovakia,Slovakia,SVK,703,14296,https://www.openstreetmap.org/relation/14296,Q214,https://www.wikidata.org/wiki/Q214,sk:Slovensko,https://sk.wikipedia.org/wiki/Slovensko,sk,Slovensko,5449652,Europe,Eastern Europe
SI,Slovenia,Slovenia,SVN,705,218657,https://www.openstreetmap.org/relation/218657,Q215,https://www.wikidata.org/wiki/Q215,sl:Slovenija,https://sl.wikipedia.org/wiki/Slovenija,sl,Slovenija,2058000,Europe,Southern Europe
SB,Solomon Islands,Solomon Islands,SLB,090,1857436,https://www.openstreetmap.org/relation/1857436,Q685,https://www.wikidata.org/wiki/Q685,en:Solomon Islands,https://en.wikipedia.org/wiki/Solomon_Islands,en,Solomon Islands,538000,Oceania,Melanesia
SO,Somalia,Somalia,SOM,706,192799,https://www.openstreetmap.org/relation/192799,Q1045,https://www.wikidata.org/wiki/Q1045,en:Somalia,https://en.wikipedia.org/wiki/Somalia,en,Somalia,,Africa,Sub-Saharan Africa
ZA,South Africa,South Africa (land mass),ZAF,710,1252792,https://www.openstreetmap.org/relation/1252792,,,,,,,49991300,Africa,Sub-Saharan Africa
GS,South Georgia and the South Sandwich Islands,South Georgia and the South Sandwich Islands,SGS,239,1983628,https://www.openstreetmap.org/relation/1983628,Q35086,https://www.wikidata.org/wiki/Q35086,en:South Georgia and the South Sandwich Islands,https://en.wikipedia.org/wiki/South_Georgia_and_the_South_Sandwich_Islands,en,South Georgia and the South Sandwich Islands,,Americas,Latin America and the Caribbean
SS,South Sudan,South Sudan,SSD,728,1656678,https://www.openstreetmap.org/relation/1656678,Q958,https://www.wikidata.org/wiki/Q958,en:South Sudan,https://en.wikipedia.org/wiki/South_Sudan,en,South Sudan,,Africa,Sub-Saharan Africa
ES,Spain,Spain,ESP,724,1311341,https://www.openstreetmap.org/relation/1311341,Q29,https://www.wikidata.org/wiki/Q29,es:España,https://es.wikipedia.org/wiki/Espa%C3%B1a,es,España,46157822,Europe,Southern Europe
LK,Sri Lanka,Sri Lanka,LKA,144,536807,https://www.openstreetmap.org/relation/536807,Q854,https://www.wikidata.org/wiki/Q854,cs:Srí Lanka,https://cs.wikipedia.org/wiki/Sr%C3%AD_Lanka,cs,Srí Lanka,,Asia,Southern Asia
SD,Sudan,Sudan,SDN,729,192789,https://www.openstreetmap.org/relation/192789,Q1049,https://www.wikidata.org/wiki/Q1049,en:Sudan,https://en.wikipedia.org/wiki/Sudan,en,Sudan,39379358,Africa,Northern Africa
SR,Suriname,Suriname,SUR,740,287082,https://www.openstreetmap.org/relation/287082,Q730,https://www.wikidata.org/wiki/Q730,en:Suriname,https://en.wikipedia.org/wiki/Suriname,en,Suriname,492829,Americas,Latin America and the Caribbean
SJ,Svalbard and Jan Mayen,Svalbard and Jan Mayen,SJM,744,3245620,https://www.openstreetmap.org/relation/3245620,Q842829,https://www.wikidata.org/wiki/Q842829,no:Svalbard og Jan Mayen,https://no.wikipedia.org/wiki/Svalbard_og_Jan_Mayen,no,Svalbard og Jan Mayen,2905,Europe,Northern Europe
SE,Sweden,Sweden,SWE,752,52822,https://www.openstreetmap.org/relation/52822,Q34,https://www.wikidata.org/wiki/Q34,sv:Sverige,https://sv.wikipedia.org/wiki/Sverige,sv,Sverige,9276509,Europe,Northern Europe
CH,Switzerland,Switzerland,CHE,756,51701,https://www.openstreetmap.org/relation/51701,Q39,https://www.wikidata.org/wiki/Q39,de:Schweiz,https://de.wikipedia.org/wiki/Schweiz,de,Schweiz,9124288,Europe,Western Europe
SY,Syrian Arab Republic,Syria,SYR,760,184840,https://www.openstreetmap.org/relation/184840,Q858,https://www.wikidata.org/wiki/Q858,en:Syria,https://en.wikipedia.org/wiki/Syria,en,Syria,17951639,Asia,Western Asia
TW,"Taiwan, Province of China",Taiwan,TWN,158,449220,https://www.openstreetmap.org/relation/449220,Q865,https://www.wikidata.org/wiki/Q865,zh:中華民國,https://zh.wikipedia.org/wiki/%E4%B8%AD%E8%8F%AF%E6%B0%91%E5%9C%8B,zh,中華民國,23127845,,
TJ,Tajikistan,Tajikistan,TJK,762,214626,https://www.openstreetmap.org/relation/214626,Q863,https://www.wikidata.org/wiki/Q863,tg:Тоҷикистон,https://tg.wikipedia.org/wiki/%D0%A2%D0%BE%D2%B7%D0%B8%D0%BA%D0%B8%D1%81%D1%82%D0%BE%D0%BD,tg,Тоҷикистон,9506000,Asia,Central Asia
TZ,"Tanzania, United Republic of",Tanzania,TZA,834,195270,https://www.openstreetmap.org/relation/195270,Q924,https://www.wikidata.org/wiki/Q924,en:Tanzania,https://en.wikipedia.org/wiki/Tanzania,en,Tanzania,59441988,Africa,Sub-Saharan Africa
TH,Thailand,Thailand,THA,764,2067731,https://www.openstreetmap.org/relation/2067731,Q869,https://www.wikidata.org/wiki/Q869,th:ประเทศไทย,https://th.wikipedia.org/wiki/%E0%B8%9B%E0%B8%A3%E0%B8%B0%E0%B9%80%E0%B8%97%E0%B8%A8%E0%B9%84%E0%B8%97%E0%B8%A2,th,ประเทศไทย,69522234,Asia,South-eastern Asia
TL,Timor-Leste,East Timor,TLS,626,305142,https://www.openstreetmap.org/relation/305142,Q574,https://www.wikidata.org/wiki/Q574,pt:Timor-Leste,https://pt.wikipedia.org/wiki/Timor-Leste,pt,Timor-Leste,1115000,Asia,South-eastern Asia
TG,Togo,Togo,TGO,768,192782,https://www.openstreetmap.org/relation/192782,Q945,https://www.wikidata.org/wiki/Q945,fr:Togo,https://fr.wikipedia.org/wiki/Togo,fr,Togo,6587239,Africa,Sub-Saharan Africa
TK,Tokelau,Tokelau,TKL,772,2186600,https://www.openstreetmap.org/relation/2186600,Q36823,https://www.wikidata.org/wiki/Q36823,en:Tokelau,https://en.wikipedia.org/wiki/Tokelau,en,Tokelau,1411,Oceania,Polynesia
TO,Tonga,Tonga,TON,776,2186665,https://www.openstreetmap.org/relation/2186665,Q678,https://www.wikidata.org/wiki/Q678,en:Tonga,https://en.wikipedia.org/wiki/Tonga,en,Tonga,104000,Oceania,Polynesia
TT,Trinidad and Tobago,Trinidad and Tobago,TTO,780,555717,https://www.openstreetmap.org/relation/555717,Q754,https://www.wikidata.org/wiki/Q754,en:Trinidad and Tobago,https://en.wikipedia.org/wiki/Trinidad_and_Tobago,en,Trinidad and Tobago,1328019,Americas,Latin America and the Caribbean
TN,Tunisia,Tunisia,TUN,788,192757,https://www.openstreetmap.org/relation/192757,Q948,https://www.wikidata.org/wiki/Q948,ar:تونس,https://ar.wikipedia.org/wiki/%D8%AA%D9%88%D9%86%D8%B3,ar,تونس,10276158,Africa,Northern Africa
TR,Türkiye,Turkey,TUR,792,174737,https://www.openstreetmap.org/relation/174737,Q43,https://www.wikidata.org/wiki/Q43,tr:Türkiye,https://tr.wikipedia.org/wiki/T%C3%BCrkiye,tr,Türkiye,85664944,Asia,Western Asia
TM,Turkmenistan,Turkmenistan,TKM,795,223026,https://www.openstreetmap.org/relation/223026,Q874,https://www.wikidata.org/wiki/Q874,tk:Türkmenistan,https://tk.wikipedia.org/wiki/T%C3%BCrkmenistan,tk,Türkmenistan,5110023,Asia,Central Asia
TC,Turks and Caicos Islands,Turks and Caicos Islands,TCA,796,547479,https://www.openstreetmap.org/relation/547479,Q18221,https://www.wikidata.org/wiki/Q18221,en:Turks and Caicos Islands,https://en.wikipedia.org/wiki/Turks_and_Caicos_Islands,en,Turks and Caicos Islands,41000,Americas,Latin America and the Caribbean
TV,Tuvalu,Tuvalu,TUV,798,2177266,https://www.openstreetmap.org/relation/2177266,Q672,https://www.wikidata.org/wiki/Q672,de:Tuvalu,https://de.wikipedia.org/wiki/Tuvalu,de,Tuvalu,10000,Oceania,Polynesia
UG,Uganda,Uganda,UGA,800,192796,https://www.openstreetmap.org/relation/192796,Q1036,https://www.wikidata.org/wiki/Q1036,en:Uganda,https://en.wikipedia.org/wiki/Uganda,en,Uganda,34509205,Africa,Sub-Saharan Africa
UA,Ukraine,Ukraine,UKR,804,60199,https://www.openstreetmap.org/relation/60199,Q212,https://www.wikidata.org/wiki/Q212,uk:Україна,https://uk.wikipedia.org/wiki/%D0%A3%D0%BA%D1%80%D0%B0%D1%97%D0%BD%D0%B0,uk,Україна,41319838,Europe,Eastern Europe
AE,United Arab Emirates,United Arab Emirates,ARE,784,307763,https://www.openstreetmap.org/relation/307763,Q878,https://www.wikidata.org/wiki/Q878,ar:الإمارات العربية المتحدة,https://ar.wikipedia.org/wiki/%D8%A7%D9%84%D8%A5%D9%85%D8%A7%D8%B1%D8%A7%D8%AA_%D8%A7%D9%84%D8%B9%D8%B1%D8%A8%D9%8A%D8%A9_%D8%A7%D9%84%D9%85%D8%AA%D8%AD%D8%AF%D8%A9,ar,الإمارات العربية المتحدة,4600000,Asia,Western Asia
GB,United Kingdom of Great Britain and Northern Ireland,United Kingdom,GBR,826,62149,https://www.openstreetmap.org/relation/62149,Q145,https://www.wikidata.org/wiki/Q145,en:United Kingdom,https://en.wikipedia.org/wiki/United_Kingdom,en,United Kingdom,61792000,Europe,Northern Europe
US,United States of America,United States,USA,840,148838,https://www.openstreetmap.org/relation/148838,Q30,https://www.wikidata.org/wiki/Q30,en:United States,https://en.wikipedia.org/wiki/United_States,en,United States,331449281,Americas,Northern America
UM,United States Minor Outlying Islands,United States Minor Outlying Islands,UMI,581,2185386,https://www.openstreetmap.org/relation/2185386,Q16645,https://www.wikidata.org/wiki/Q16645,en:United States Minor Outlying Islands,https://en.wikipedia.org/wiki/United_States_Minor_Outlying_Islands,en,United States Minor Outlying Islands,,Oceania,Micronesia
UY,Uruguay,Uruguay,URY,858,287072,https://www.openstreetmap.org/relation/287072,Q77,https://www.wikidata.org/wiki/Q77,es:Uruguay,https://es.wikipedia.org/wiki/Uruguay,es,Uruguay,3286314,Americas,Latin America and the Caribbean
UZ,Uzbekistan,Uzbekistan,UZB,860,196240,https://www.openstreetmap.org/relation/196240,Q265,https://www.wikidata.org/wiki/Q265,uz:Oʻzbekiston,https://uz.wikipedia.org/wiki/O%CA%BBzbekiston,uz,Oʻzbekiston,35727181,Asia,Central Asia
VU,Vanuatu,Vanuatu,VUT,548,2177246,https://www.openstreetmap.org/relation/2177246,Q686,https://www.wikidata.org/wiki/Q686,en:Vanuatu,https://en.wikipedia.org/wiki/Vanuatu,en,Vanuatu,300019,Oceania,Melanesia
VE,"Venezuela, Bolivarian Republic of",Venezuela,VEN,862,272644,https://www.openstreetmap.org/relation/272644,Q717,https://www.wikidata.org/wiki/Q717,en:Venezuela,https://en.wikipedia.org/wiki/Venezuela,en,Venezuela,26458853,Americas,Latin America and the Caribbean
VN,Viet Nam,Vietnam,VNM,704,49915,https://www.openstreetmap.org/relation/49915,Q881,https://www.wikidata.org/wiki/Q881,vi:Việt Nam,https://vi.wikipedia.org/wiki/Vi%E1%BB%87t_Nam,vi,Việt Nam,91519289,Asia,South-eastern Asia
VG,Virgin Islands (British),British Virgin Islands,VGB,092,285454,https://www.openstreetmap.org/relation/285454,Q25305,https://www.wikidata.org/wiki/Q25305,en:British Virgin Islands,https://en.wikipedia.org/wiki/British_Virgin_Islands,en,British Virgin Islands,31148,Americas,Latin America and the Caribbean
VI,Virgin Islands (U.S.),United States Virgin Islands,VIR,850,286898,https://www.openstreetmap.org/relation/286898,Q11703,https://www.wikidata.org/wiki/Q11703,en:United States Virgin Islands,https://en.wikipedia.org/wiki/United_States_Virgin_Islands,en,United States Virgin Islands,,Americas,Latin America and the Caribbean
WF,Wallis and Futuna,Wallis and Futuna,WLF,876,3412448,https://www.openstreetmap.org/relation/3412448,Q35555,https://www.wikidata.org/wiki/Q35555,en:Wallis and Futuna,https://en.wikipedia.org/wiki/Wallis_and_Futuna,en,Wallis and Futuna,11558,Oceania,Polynesia
EH,Western Sahara,Western Sahara,ESH,732,2559126,https://www.openstreetmap.org/relation/2559126,Q6250,https://www.wikidata.org/wiki/Q6250,ar:الصحراء الغربية,https://ar.wikipedia.org/wiki/%D8%A7%D9%84%D8%B5%D8%AD%D8%B1%D8%A7%D8%A1_%D8%A7%D9%84%D8%BA%D8%B1%D8%A8%D9%8A%D8%A9,ar,الصحراء الغربية,513000,Africa,Northern Africa
YE,Yemen,Yemen,YEM,887,305092,https://www.openstreetmap.org/relation/305092,Q805,https://www.wikidata.org/wiki/Q805,ar:اليمن,https://ar.wikipedia.org/wiki/%D8%A7%D9%84%D9%8A%D9%85%D9%86,ar,اليمن,30491000,Asia,Western Asia
ZM,Zambia,Zambia,ZMB,894,195271,https://www.openstreetmap.org/relation/195271,Q953,https://www.wikidata.org/wiki/Q953,en:Zambia,https://en.wikipedia.org/wiki/Zambia,en,Zambia,16405229,Africa,Sub-Saharan Africa
ZW,Zimbabwe,Zimbabwe,ZWE,716,195272,https://www.openstreetmap.org/relation/195272,Q954,https://www.wikidata.org/wiki/Q954,en:Zimbabwe,https://en.wikipedia.org/wiki/Zimbabwe,en,Zimbabwe,12521000,Africa,Sub-Saharan Africa
